{"cameraMode":{"drawMode":0,"name":"Shaded","section":"Shading Mode"},"sceneLighting":false,"audioPlay":false,"sceneViewState":{"showFog":true,"showMaterialUpdate":false,"showSkybox":false,"showFlares":true,"showImageEffects":true,"showParticleSystems":true},"in2DMode":false,"pivot":{"x":-9.862600326538086,"y":0.9776999950408936,"z":2.1208999156951906},"rotation":{"x":0.024490991607308389,"y":-0.9754738807678223,"z":0.15042313933372498,"w":0.1588212102651596},"size":0.010269558057188988,"orthographic":false}