{"cameraMode":{"drawMode":0,"name":"Shaded","section":"Shading Mode"},"sceneLighting":false,"audioPlay":false,"sceneViewState":{"showFog":true,"showMaterialUpdate":false,"showSkybox":false,"showFlares":true,"showImageEffects":true,"showParticleSystems":true},"in2DMode":false,"pivot":{"x":-0.004238145425915718,"y":-0.0024810470640659334,"z":-0.008324116468429566},"rotation":{"x":0.09916752576828003,"y":-0.10576888918876648,"z":0.010601460002362728,"w":0.989376962184906},"size":0.025980761274695398,"orthographic":false}