{"cameraMode":{"drawMode":0,"name":"Shaded","section":"Shading Mode"},"sceneLighting":false,"audioPlay":false,"sceneViewState":{"showFog":true,"showMaterialUpdate":false,"showSkybox":false,"showFlares":true,"showImageEffects":true,"showParticleSystems":true},"in2DMode":false,"pivot":{"x":0.04028594493865967,"y":0.00884326547384262,"z":-0.037745073437690738},"rotation":{"x":0.1777867078781128,"y":0.5694532990455627,"z":-0.12741981446743012,"w":0.792475700378418},"size":0.09971107542514801,"orthographic":false}