{"cameraMode":{"drawMode":0,"name":"Shaded","section":"Shading Mode"},"sceneLighting":false,"audioPlay":false,"sceneViewState":{"showFog":true,"showMaterialUpdate":false,"showSkybox":false,"showFlares":true,"showImageEffects":true,"showParticleSystems":true},"in2DMode":false,"pivot":{"x":-2.9802322387695315e-8,"y":-0.11400000005960465,"z":-5.960464477539063e-8},"rotation":{"x":0.2058068811893463,"y":-0.7262207269668579,"z":0.24663904309272767,"w":0.6079230904579163},"size":0.3061862289905548,"orthographic":false}